review_id,paper_id,extraction_id,decision,text_quality,layout_quality,table_quality,figure_quality,reference_quality,page_grounding_quality,preferred_text_source,needs_visual_review,reviewer,reviewed_at,notes
QAR_doi_10.1038_s41597-024-02945-6,doi:10.1038/s41597-024-02945-6,FTE_14b181f746a08c9d4df7,needs_review,good,good,good,good,good,missing,publisher_xml,True,automated,2026-07-27T20:24:06Z,tables or figures require visual verification; docling: FileNotFoundError: [WinError 3] The system cannot find the path specified
QAR_doi_10.1038_s41598-025-05092-z,doi:10.1038/s41598-025-05092-z,FTE_e9819ef49ceee80c5aed,needs_review,good,good,good,good,good,missing,publisher_xml,True,automated,2026-07-27T20:24:06Z,tables or figures require visual verification; docling: FileNotFoundError: [WinError 3] The system cannot find the path specified
QAR_arxiv_260522034,arxiv:260522034,,needs_review,good,good,good,good,good,missing,docling,True,automated,2026-07-27T20:24:06Z,tables or figures require visual verification
QAR_doi_10.1038_s41597-026-07092-8,doi:10.1038/s41597-026-07092-8,,needs_review,good,good,good,good,good,missing,publisher_xml,True,automated,2026-07-27T20:24:06Z,tables or figures require visual verification; docling: FileNotFoundError: [WinError 3] The system cannot find the path specified
QAR_doi_10.3389_fagro.2025.1629681,doi:10.3389/fagro.2025.1629681,,needs_review,good,good,good,good,good,missing,grobid,True,automated,2026-07-27T20:24:06Z,tables or figures require visual verification; docling: FileNotFoundError: [WinError 3] The system cannot find the path specified
QAR_doi_10.3389_fpls.2026.1761249,doi:10.3389/fpls.2026.1761249,,needs_review,good,good,good,good,good,missing,publisher_xml,True,automated,2026-07-27T20:24:06Z,tables or figures require visual verification; docling: FileNotFoundError: [WinError 3] The system cannot find the path specified
QAR_doi_10.3390_jimaging12050192,doi:10.3390/jimaging12050192,,needs_review,good,good,good,good,good,missing,publisher_xml,True,automated,2026-07-27T20:24:06Z,tables or figures require visual verification; docling: FileNotFoundError: [WinError 3] The system cannot find the path specified
QAR_doi_10.48550_arxiv.2505.07444,doi:10.48550/arxiv.2505.07444,,needs_review,good,good,good,good,good,missing,grobid,True,automated,2026-07-27T20:24:06Z,tables or figures require visual verification; docling: FileNotFoundError: [WinError 3] The system cannot find the path specified
QAR_doi_10.48550_arxiv.2512.01753,doi:10.48550/arxiv.2512.01753,,needs_review,good,good,good,good,good,missing,grobid,True,automated,2026-07-27T20:24:06Z,tables or figures require visual verification; docling: FileNotFoundError: [WinError 3] The system cannot find the path specified
QAR_doi_10.48550_arxiv.2603.29941,doi:10.48550/arxiv.2603.29941,,needs_review,good,good,good,good,good,missing,grobid,True,automated,2026-07-27T20:24:06Z,tables or figures require visual verification; docling: FileNotFoundError: [WinError 3] The system cannot find the path specified
QAR_doi_10.48550_arxiv.2604.09907,doi:10.48550/arxiv.2604.09907,FTE_2326e84ee083b6d35873,needs_review,good,good,good,good,good,missing,grobid,True,automated,2026-07-27T20:24:06Z,tables or figures require visual verification; docling: FileNotFoundError: [WinError 3] The system cannot find the path specified
QAR_doi_10.1016_j.dib.2026.112642,doi:10.1016/j.dib.2026.112642,,needs_review,good,good,good,good,good,missing,publisher_xml,True,automated,2026-07-27T20:24:06Z,tables or figures require visual verification; docling: FileNotFoundError: [WinError 3] The system cannot find the path specified
QAR_doi_10.1038_s41598-018-38343-3,doi:10.1038/s41598-018-38343-3,,needs_review,good,good,good,good,good,missing,publisher_xml,True,automated,2026-07-27T20:24:06Z,tables or figures require visual verification; docling: FileNotFoundError: [WinError 3] The system cannot find the path specified
QAR_doi_10.1186_s13007-023-01060-8,doi:10.1186/s13007-023-01060-8,,needs_review,good,good,good,good,good,missing,publisher_xml,True,automated,2026-07-27T20:24:06Z,tables or figures require visual verification; docling: FileNotFoundError: [WinError 3] The system cannot find the path specified
QAR_doi_10.3390_rs10091423,doi:10.3390/rs10091423,,acceptable,good,good,good,good,good,missing,grobid,False,automated,2026-07-27T20:24:06Z,insufficient extracted text or chunks; tables or figures require visual verification
QAR_doi_10.48550_arxiv.2407.21150,doi:10.48550/arxiv.2407.21150,,needs_review,good,good,good,good,good,missing,grobid,True,automated,2026-07-27T20:24:06Z,tables or figures require visual verification; docling: FileNotFoundError: [WinError 3] The system cannot find the path specified
QAR_doi_10.1145_3664647.3680599,doi:10.1145/3664647.3680599,,needs_review,good,good,good,good,good,missing,grobid,True,automated,2026-07-27T20:24:06Z,tables or figures require visual verification; docling: FileNotFoundError: [WinError 3] The system cannot find the path specified
QAR_doi_10.3389_fpls.2021.774068,doi:10.3389/fpls.2021.774068,,needs_review,good,good,good,good,good,missing,publisher_xml,True,automated,2026-07-27T20:24:06Z,tables or figures require visual verification; docling: FileNotFoundError: [WinError 3] The system cannot find the path specified
QAR_doi_10.1109_lra.2017.2774979,doi:10.1109/lra.2017.2774979,FTE_57a012909348211e1b46,needs_review,good,good,good,good,good,missing,grobid,True,automated,2026-07-27T20:24:07Z,tables or figures require visual verification; docling: FileNotFoundError: [WinError 3] The system cannot find the path specified
QAR_doi_10.1145_3696409.3700293,doi:10.1145/3696409.3700293,FTE_6411b081c71301a16245,needs_review,good,good,good,good,good,missing,grobid,True,automated,2026-07-27T20:24:07Z,tables or figures require visual verification; docling: FileNotFoundError: [WinError 3] The system cannot find the path specified
QAR_doi_10.1109_access.2020.299135,doi:10.1109/access.2020.2991354,FTE_3029cfa45aed317d8818,needs_review,good,good,good,good,good,missing,grobid,True,automated,2026-07-27T20:24:07Z,tables or figures require visual verification; docling: FileNotFoundError: [WinError 3] The system cannot find the path specified
QAR_doi_10.1145_3637528.3671536,doi:10.1145/3637528.3671536,FTE_b29bd658a48af5bdd360,needs_review,good,good,good,good,good,missing,grobid,True,automated,2026-07-27T20:24:07Z,tables or figures require visual verification; docling: FileNotFoundError: [WinError 3] The system cannot find the path specified
QAR_doi_10.1109_iccvw69036.2025.00,doi:10.1109/iccvw69036.2025.00742,FTE_02baa65b9570ea4d3b3b,needs_review,good,good,good,good,good,missing,grobid,True,automated,2026-07-27T20:24:07Z,tables or figures require visual verification; docling: FileNotFoundError: [WinError 3] The system cannot find the path specified
QAR_doi_10.1109_wacv56688.2023.003,doi:10.1109/wacv56688.2023.00372,FTE_f2296964aaf8776de312,needs_review,good,good,good,good,good,missing,grobid,True,automated,2026-07-27T20:24:07Z,tables or figures require visual verification; docling: FileNotFoundError: [WinError 3] The system cannot find the path specified
QAR_doi_10.1038_s41597-023-02098-y,doi:10.1038/s41597-023-02098-y,FTE_728c0ec292b83a6b4020,needs_review,good,good,good,good,good,missing,publisher_xml,True,automated,2026-07-27T20:24:07Z,tables or figures require visual verification; docling: FileNotFoundError: [WinError 3] The system cannot find the path specified
