error_id,run_id,paper_id,source,error,recorded_at
FTERR_110a3303f2cf40bfc1ab,FTA_20260722T193927Z,doi:10.48550/arxiv.2512.01753,crossref,HTTPError: 404 Client Error: Not Found for url: https://api.crossref.org/works/10.48550%2Farxiv.2512.01753,2026-07-22T19:46:24Z
FTERR_8045e6a54a6f39830f8b,FTA_20260722T193927Z,doi:10.48550/arxiv.2505.07444,crossref,HTTPError: 404 Client Error: Not Found for url: https://api.crossref.org/works/10.48550%2Farxiv.2505.07444,2026-07-22T19:46:24Z
FTERR_d888162b880f5e973048,FTA_20260722T193927Z,doi:10.48550/arxiv.2603.29941,crossref,HTTPError: 404 Client Error: Not Found for url: https://api.crossref.org/works/10.48550%2Farxiv.2603.29941,2026-07-22T19:46:24Z
FTERR_5ccd575c6e8672eed244,FTA_20260722T193927Z,doi:10.48550/arxiv.2604.09907,crossref,HTTPError: 404 Client Error: Not Found for url: https://api.crossref.org/works/10.48550%2Farxiv.2604.09907,2026-07-22T19:46:24Z
FTERR_422db1060e267527052d,FTA_20260724T103131Z,doi:10.48550/arxiv.2512.01753,crossref,HTTPError: 404 Client Error: Not Found for url: https://api.crossref.org/works/10.48550%2Farxiv.2512.01753,2026-07-24T10:37:08Z
FTERR_80c67a801375bf01a909,FTA_20260724T103131Z,doi:10.48550/arxiv.2505.07444,crossref,HTTPError: 404 Client Error: Not Found for url: https://api.crossref.org/works/10.48550%2Farxiv.2505.07444,2026-07-24T10:37:08Z
FTERR_f531719639b612e401e8,FTA_20260724T103131Z,doi:10.48550/arxiv.2407.21150,crossref,"ConnectionError: ('Connection aborted.', ConnectionResetError(10054, 'An existing connection was forcibly closed by the remote host', None, 10054, None))",2026-07-24T10:37:08Z
FTERR_7306233d4a6319519c82,FTA_20260727T224846Z,doi:10.48550/arxiv.2411.11285,crossref,HTTPError: 404 Client Error: Not Found for url: https://api.crossref.org/works/10.48550%2Farxiv.2411.11285,2026-07-27T22:54:56Z
FTERR_5eba4bdd10df22179450,FTA_20260728T220416Z,doi:10.48550/arxiv.2403.00566,crossref,HTTPError: 404 Client Error: Not Found for url: https://api.crossref.org/works/10.48550%2Farxiv.2403.00566,2026-07-28T22:07:31Z
FTERR_aa48eb35d1bd90cac337,FTA_20260728T220416Z,doi:10.48550/arxiv.2404.02580,crossref,HTTPError: 404 Client Error: Not Found for url: https://api.crossref.org/works/10.48550%2Farxiv.2404.02580,2026-07-28T22:07:31Z
FTERR_13dd526be74395d0bf97,FTA_20260729T182651Z,doi:10.6084/m9.figshare.28270742,crossref,HTTPError: 404 Client Error: Not Found for url: https://api.crossref.org/works/10.6084%2Fm9.figshare.28270742,2026-07-29T18:29:41Z
FTERR_d7d76fa07bea05af3ff4,FTA_20260729T182651Z,doi:10.48550/arxiv.2407.21150,crossref,HTTPError: 404 Client Error: Not Found for url: https://api.crossref.org/works/10.48550%2Farxiv.2407.21150,2026-07-29T18:29:41Z
FTERR_84f467594911e63b7775,FTA_20260729T183300Z,doi:10.60507/fk2/ox9xtm,crossref,HTTPError: 404 Client Error: Not Found for url: https://api.crossref.org/works/10.60507%2Ffk2%2Fox9xtm,2026-07-29T18:35:53Z
FTERR_d4cd6331403ad491181b,FTA_20260729T183300Z,doi:10.48550/arxiv.2503.05568,crossref,HTTPError: 404 Client Error: Not Found for url: https://api.crossref.org/works/10.48550%2Farxiv.2503.05568,2026-07-29T18:35:53Z
FTERR_c718594ac3cee63e233b,FTA_20260729T183300Z,doi:10.18420/giljt2025_02,crossref,HTTPError: 404 Client Error: Not Found for url: https://api.crossref.org/works/10.18420%2Fgiljt2025_02,2026-07-29T18:35:53Z
FTERR_ed1932c0135d160d90c7,FTA_20260803T005806Z,doi:10.6084/m9.figshare.29222462,crossref,HTTPError: 404 Client Error: Not Found for url: https://api.crossref.org/works/10.6084%2Fm9.figshare.29222462,2026-08-03T01:05:24Z
FTERR_12430b3968bfb8c19183,FTA_20260803T005806Z,doi:10.5447/ipk/2025/14,crossref,HTTPError: 404 Client Error: Not Found for url: https://api.crossref.org/works/10.5447%2Fipk%2F2025%2F14,2026-08-03T01:05:24Z
FTERR_e8bc826de93bb6f58e1a,FTA_20260803T124948Z,doi:10.6084/m9.figshare.28270742,crossref,HTTPError: 404 Client Error: Not Found for url: https://api.crossref.org/works/10.6084%2Fm9.figshare.28270742,2026-08-03T13:01:48Z
FTERR_51c4ff543d6e43339ac2,FTA_20260803T124948Z,doi:10.5281/zenodo.17719108,crossref,HTTPError: 404 Client Error: Not Found for url: https://api.crossref.org/works/10.5281%2Fzenodo.17719108,2026-08-03T13:01:48Z
FTERR_3ff8e6f5776316cc73b8,FTA_20260803T124948Z,doi:10.17632/rv3kxfv47y.1,crossref,HTTPError: 404 Client Error: Not Found for url: https://api.crossref.org/works/10.17632%2Frv3kxfv47y.1,2026-08-03T13:01:48Z
FTERR_e2ef24fb7effc303235f,FTA_20260803T130215Z,doi:10.17632/369cky7n39.1,crossref,HTTPError: 404 Client Error: Not Found for url: https://api.crossref.org/works/10.17632%2F369cky7n39.1,2026-08-03T13:14:57Z
FTERR_106e6e1f4e7a47c2f144,FTA_20260803T130215Z,doi:10.17632/ngdgg79rzb.1,crossref,HTTPError: 404 Client Error: Not Found for url: https://api.crossref.org/works/10.17632%2Fngdgg79rzb.1,2026-08-03T13:14:57Z
FTERR_313d55b881c1057e3183,FTA_20260803T130215Z,doi:10.5281/zenodo.17217565,crossref,HTTPError: 404 Client Error: Not Found for url: https://api.crossref.org/works/10.5281%2Fzenodo.17217565,2026-08-03T13:14:57Z
FTERR_612902b6274831456471,FTA_20260803T131505Z,doi:10.5073/20220124-075254,crossref,HTTPError: 404 Client Error: Not Found for url: https://api.crossref.org/works/10.5073%2F20220124-075254,2026-08-03T13:25:16Z
FTERR_59836c9f72d95091e4dd,FTA_20260803T131505Z,doi:10.14459/2023mp1717366,crossref,HTTPError: 404 Client Error: Not Found for url: https://api.crossref.org/works/10.14459%2F2023mp1717366,2026-08-03T13:25:16Z
FTERR_9bf8ed27d1e67e9ea71e,FTA_20260803T154719Z,doi:10.6084/m9.figshare.28270742,crossref,HTTPError: 404 Client Error: Not Found for url: https://api.crossref.org/works/10.6084%2Fm9.figshare.28270742,2026-08-03T15:53:18Z
FTERR_55eb0153fb73225bf78c,FTA_20260803T154719Z,doi:10.5281/zenodo.17719108,crossref,HTTPError: 404 Client Error: Not Found for url: https://api.crossref.org/works/10.5281%2Fzenodo.17719108,2026-08-03T15:53:18Z
FTERR_e77c5c052f67f8ac801c,FTA_20260803T154719Z,doi:10.17632/rv3kxfv47y.1,crossref,HTTPError: 404 Client Error: Not Found for url: https://api.crossref.org/works/10.17632%2Frv3kxfv47y.1,2026-08-03T15:53:18Z
FTERR_bae8b6bf8558d882a5dd,FTA_20260803T154719Z,doi:10.17632/369cky7n39.1,crossref,HTTPError: 404 Client Error: Not Found for url: https://api.crossref.org/works/10.17632%2F369cky7n39.1,2026-08-03T15:53:18Z
FTERR_72d7106d340e6ecdc87b,FTA_20260803T154719Z,doi:10.17632/ngdgg79rzb.1,crossref,HTTPError: 404 Client Error: Not Found for url: https://api.crossref.org/works/10.17632%2Fngdgg79rzb.1,2026-08-03T15:53:18Z
FTERR_b83336b2d5b3bf7e75e7,FTA_20260803T154719Z,doi:10.1016/j.compag.2019.104963,crossref,"ConnectionError: ('Connection aborted.', ConnectionResetError(10054, 'An existing connection was forcibly closed by the remote host', None, 10054, None))",2026-08-03T15:53:18Z
FTERR_2e46bbd27800ddc99424,FTA_20260803T155333Z,doi:10.5281/zenodo.17217565,crossref,HTTPError: 404 Client Error: Not Found for url: https://api.crossref.org/works/10.5281%2Fzenodo.17217565,2026-08-03T16:02:33Z
FTERR_c589a24ff842373f1105,FTA_20260803T155333Z,doi:10.5073/20220124-075254,crossref,HTTPError: 404 Client Error: Not Found for url: https://api.crossref.org/works/10.5073%2F20220124-075254,2026-08-03T16:02:33Z
FTERR_2f17db880739ac1eb3f6,FTA_20260803T155333Z,doi:10.14459/2023mp1717366,crossref,HTTPError: 404 Client Error: Not Found for url: https://api.crossref.org/works/10.14459%2F2023mp1717366,2026-08-03T16:02:33Z
